[
    {
        "gameId": 1001,
        "gameName": "Shooting",
        "photo": "shooting.png",
        "gamePrice": 85
    },
    {
        "gameId": 1002,
        "gameName": "Angry Bird",
        "photo":"AngryBirds.png",
        "gamePrice": 154
    },
    {
        "gameId": 1003,
        "gameName": "Temple Run",
        "photo": "templerun.png",
        "gamePrice": 203
    },
    {
        "gameId": 1004,
        "gameName": "Bike Race",
        "photo": "bike.png",
        "gamePrice": 105
    }
]